<?xml version="1.0" encoding="UTF-8"?>
<ApexPage xmlns="http://soap.sforce.com/2006/04/metadata">
    <apiVersion>29.0</apiVersion>
    <availableInTouch>false</availableInTouch>
    <confirmationTokenRequired>false</confirmationTokenRequired>
    <label>Cancel</label>
    <packageVersions>
        <majorNumber>2</majorNumber>
        <minorNumber>29</minorNumber>
        <namespace>ChargentBase</namespace>
    </packageVersions>
    <packageVersions>
        <majorNumber>2</majorNumber>
        <minorNumber>57</minorNumber>
        <namespace>ChargentOrders</namespace>
    </packageVersions>
</ApexPage>
